<?xml version="1.0" encoding="UTF-8"?>
<project-private xmlns="http://www.netbeans.org/ns/project-private/1">
    <editor-bookmarks xmlns="http://www.netbeans.org/ns/editor-bookmarks/2" lastBookmarkId="0"/>
    <open-files xmlns="http://www.netbeans.org/ns/projectui-open-files/2">
        <group>
            <file>file:/C:/Users/Admin/Desktop/Shoping/src/java/controller/RequestAdminController.java</file>
            <file>file:/C:/Users/Admin/Desktop/Shoping/web/admin.jsp</file>
            <file>file:/C:/Users/Admin/Desktop/Shoping/src/java/controller/CancelOrderControler.java</file>
            <file>file:/C:/Users/Admin/Desktop/Shoping/src/java/controller/BuyController.java</file>
            <file>file:/C:/Users/Admin/Desktop/Shoping/src/java/dao/OrderDAO.java</file>
            <file>file:/C:/Users/Admin/Desktop/Shoping/web/sellorder.jsp</file>
            <file>file:/C:/Users/Admin/Desktop/Shoping/src/java/controller/ConfirmOrderController.java</file>
        </group>
    </open-files>
</project-private>
